,City,Latitude,Longitude,Max Temp (C),Humidity,Cloudiness,Wind Speed,Country,Date
0,albany,42.6,-73.97,33.33,39,80,4.5,US,1595280523
1,kapaa,22.08,-159.32,28.0,74,90,5.7,US,1595280803
2,ushuaia,-54.8,-68.3,0.0,86,3,1.5,AR,1595280804
3,fare,-16.7,-151.02,25.37,80,45,11.13,PF,1595281275
4,khasan,42.43,130.64,19.69,87,48,3.59,RU,1595281275
5,lagoa,39.05,-27.98,20.85,69,3,2.35,PT,1595280525
6,lebu,-37.62,-73.65,10.91,84,94,4.64,CL,1595280618
7,barrow,71.29,-156.79,1.0,86,90,2.6,US,1595280828
8,luchegorsk,46.48,134.26,17.86,98,100,1.15,RU,1595281276
9,san quintin,30.48,-115.95,24.26,54,0,9.85,MX,1595280676
10,kieta,-6.22,155.63,27.8,68,43,1.42,PG,1595280717
11,castro,-24.79,-50.01,15.31,78,0,1.73,BR,1595280546
12,baykit,61.67,96.37,9.87,83,3,1.17,RU,1595280648
13,portland,45.52,-122.68,32.78,33,20,4.6,US,1595281276
14,bredasdorp,-34.53,20.04,16.0,87,7,3.6,ZA,1595280629
15,chokurdakh,70.63,147.92,24.81,39,67,5.84,RU,1595280832
16,sauk rapids,45.59,-94.17,26.11,50,40,1.73,US,1595281277
17,dyersburg,36.03,-89.39,33.0,63,1,2.1,US,1595281277
18,indramayu,-6.33,108.32,25.87,81,5,3.41,ID,1595281277
19,iqaluit,63.75,-68.51,8.0,93,75,2.1,CA,1595280654
20,leningradskiy,69.38,178.42,8.52,63,0,5.18,RU,1595280873
21,punta arenas,-53.15,-70.92,0.0,95,90,2.6,CL,1595280806
22,kutum,14.2,24.67,23.83,65,21,3.5,SD,1595281277
23,brownwood,31.71,-98.99,36.0,26,20,7.7,US,1595281019
24,cape town,-33.93,18.42,11.11,93,0,1.0,ZA,1595280582
25,thompson,55.74,-97.86,26.0,29,75,1.5,CA,1595280637
26,adrar,20.5,-10.07,36.55,19,25,1.52,MR,1595281278
27,mataura,-46.19,168.86,3.89,83,70,1.34,NZ,1595280802
28,hilo,19.73,-155.09,28.0,58,75,4.1,US,1595280809
29,kavieng,-2.57,150.8,28.45,75,87,4.46,PG,1595280639
30,lavrentiya,65.58,-171.0,7.71,76,100,2.66,RU,1595280845
31,yellowknife,62.46,-114.35,25.0,47,40,3.6,CA,1595280627
32,kidal,18.44,1.41,31.99,33,34,6.79,ML,1595281279
33,fortuna,40.6,-124.16,17.78,77,1,6.2,US,1595280578
34,norman wells,65.28,-126.83,17.0,77,90,3.1,CA,1595280819
35,hermanus,-34.42,19.23,12.78,78,0,6.02,ZA,1595281272
36,puerto ayora,-0.74,-90.35,27.0,61,40,4.6,EC,1595280522
37,seybaplaya,19.65,-90.67,26.0,88,40,5.76,MX,1595281280
38,mahebourg,-20.41,57.7,21.0,60,75,5.1,MU,1595280655
39,rikitea,-23.12,-134.97,20.13,59,92,5.56,PF,1595280804
40,athabasca,54.72,-113.29,22.86,56,38,2.53,CA,1595281280
41,jiuquan,39.74,98.52,22.91,21,100,4.35,CN,1595281277
42,guerrero negro,27.98,-114.06,30.86,38,10,5.99,MX,1595280535
43,kodiak,57.79,-152.41,23.0,46,1,6.7,US,1595280818
44,tromso,69.65,18.96,12.0,93,75,6.7,NO,1595280952
45,provideniya,64.38,-173.3,10.0,76,75,4.0,RU,1595280530
46,healesville,-37.65,145.52,7.22,99,94,0.42,AU,1595281281
47,punta alta,-38.88,-62.07,9.44,88,99,7.77,AR,1595281113
48,busselton,-33.65,115.33,10.56,65,99,6.17,AU,1595280529
49,martapura,-3.42,114.85,23.0,100,75,0.5,ID,1595281281
50,annamalainagar,11.4,79.73,27.89,79,98,3.05,IN,1595281281
51,ferkessedougou,9.6,-5.2,23.59,90,99,2.14,CI,1595281281
52,talnakh,69.49,88.4,10.0,100,90,4.0,RU,1595280832
53,bluff,-46.6,168.33,3.89,83,89,1.34,NZ,1595280588
54,atuona,-9.8,-139.03,26.7,77,42,7.11,PF,1595280827
55,sao filipe,14.9,-24.5,25.07,82,41,3.86,CV,1595280867
56,vaini,-21.2,-175.2,23.0,73,20,2.1,TO,1595280819
57,qaanaaq,77.48,-69.36,8.81,72,98,0.28,GL,1595280853
58,sorland,67.67,12.69,13.0,76,75,3.44,NO,1595280844
59,tupik,54.43,119.93,11.29,91,77,1.09,RU,1595281282
60,antas,41.74,-8.31,25.0,73,14,3.6,PT,1595281282
61,acapulco,16.86,-99.89,31.0,74,90,2.6,MX,1595280880
62,petatlan,17.52,-101.27,34.0,56,20,6.7,MX,1595281282
63,uige,-7.61,15.06,17.19,40,2,1.79,AO,1595281283
64,nikolskoye,59.7,30.79,18.0,77,97,2.0,RU,1595280626
65,vanimo,-2.67,141.3,26.07,81,79,3.06,PG,1595281283
66,mogadishu,2.04,45.34,25.06,82,62,9.17,SO,1595281283
67,quang ngai,15.12,108.8,23.73,88,85,1.77,VN,1595281283
68,port alfred,-33.59,26.89,15.03,66,0,2.92,ZA,1595280629
69,jamestown,42.1,-79.24,26.67,47,1,6.2,US,1595280629
70,akonolinga,3.77,12.25,19.93,97,100,1.63,CM,1595281283
71,kaitangata,-46.28,169.85,9.44,66,100,0.89,NZ,1595280811
72,carnarvon,-24.87,113.63,12.0,76,0,3.1,AU,1595280809
73,outlook,51.5,-107.05,22.78,57,35,1.34,CA,1595281284
74,lalsk,60.74,47.59,19.05,71,98,3.52,RU,1595281284
75,hobart,-42.88,147.33,9.44,87,75,2.6,AU,1595280812
76,severo-kurilsk,50.68,156.12,11.59,78,5,1.52,RU,1595280836
77,bethel,41.37,-73.41,32.78,45,1,3.6,US,1595280813
78,souillac,-20.52,57.52,21.0,60,75,5.1,MU,1595280533
79,benjamin aceval,-24.97,-57.57,30.0,37,30,4.6,PY,1595281284
80,balabac,7.99,117.06,28.04,79,98,4.47,PH,1595281284
81,tasiilaq,65.61,-37.64,6.0,87,0,4.6,GL,1595280817
82,along,28.17,94.77,23.06,90,100,0.54,IN,1595281285
83,la paz,-16.5,-68.15,15.0,15,75,4.6,BO,1595280609
84,cherskiy,68.75,161.3,22.09,38,90,2.81,RU,1595280647
85,umtata,-31.59,28.78,8.0,45,0,1.5,ZA,1595281285
86,hithadhoo,-0.6,73.08,28.88,78,94,6.8,MV,1595280821
87,namatanai,-3.67,152.43,27.64,76,29,2.73,PG,1595280748
88,itabuna,-14.79,-39.28,20.88,96,94,1.61,BR,1595281286
89,belorechensk,44.76,39.87,26.0,54,20,3.0,RU,1595281185
90,jaranwala,31.33,73.43,26.46,78,100,6.92,PK,1595281286
91,lufilufi,-13.87,-171.6,28.06,70,78,3.28,WS,1595281286
92,yumen,40.28,97.2,23.97,30,100,7.78,CN,1595281108
93,vrangel,42.73,133.08,19.4,96,100,1.26,RU,1595280971
94,tautira,-17.73,-149.15,27.0,69,20,3.6,PF,1595280866
95,upernavik,72.79,-56.15,9.84,51,1,4.16,GL,1595280627
96,bambous virieux,-20.34,57.76,21.0,60,75,5.1,MU,1595280636
97,bintulu,3.17,113.03,24.0,100,20,1.5,MY,1595280976
98,kiruna,67.86,20.23,13.0,100,100,1.5,SE,1595281287
99,port elizabeth,-33.92,25.57,14.0,93,37,1.5,ZA,1595280796
100,salalah,17.02,54.09,27.0,94,75,2.1,OM,1595280961
101,hofn,64.25,-15.21,11.15,75,66,1.18,IS,1595280827
102,santo tomas,14.11,121.14,26.67,88,20,1.51,PH,1595281287
103,cap-aux-meules,47.38,-61.86,25.0,73,75,5.7,CA,1595280963
104,erenhot,43.65,111.98,20.67,34,62,5.22,CN,1595280929
105,vila franca do campo,37.72,-25.43,20.0,68,20,3.6,PT,1595280678
106,gidam,18.98,81.4,24.65,89,100,2.47,IN,1595281288
107,asuncion,-25.3,-57.64,30.0,37,38,4.6,PY,1595281112
108,ingham,42.6,-84.38,27.0,51,1,5.1,US,1595280855
109,severnyy,50.68,36.55,19.0,59,27,2.0,RU,1595280852
110,beira,-19.84,34.84,20.0,88,40,2.1,MZ,1595281288
111,hasaki,35.73,140.83,21.11,100,75,2.1,JP,1595280827
112,padang,-0.95,100.35,25.54,76,60,2.13,ID,1595280874
113,broome,42.25,-75.83,29.44,42,75,4.6,US,1595280806
114,san patricio,19.22,-104.7,32.0,66,40,6.2,MX,1595280547
115,dawei,14.08,98.2,25.41,86,100,0.84,MM,1595281289
116,temerloh,3.45,102.42,22.96,97,44,0.5,MY,1595281272
117,chuy,-33.7,-53.46,20.09,84,100,3.81,UY,1595280819
118,labuhan,-6.88,112.21,25.07,88,27,3.23,ID,1595280872
119,cayenne,4.93,-52.33,28.0,74,100,3.1,GF,1595280584
120,pokosnoye,55.53,101.05,11.91,66,99,1.86,RU,1595281290
121,mar del plata,-38.0,-57.56,10.56,100,90,9.3,AR,1595280816
122,arraial do cabo,-22.97,-42.03,24.0,83,0,5.7,BR,1595280805
123,nishihara,26.18,127.76,28.0,88,20,1.0,JP,1595281290
124,coahuayana,18.73,-103.68,30.0,62,75,5.1,MX,1595281290
125,saint-philippe,-21.36,55.77,19.0,63,75,4.1,RE,1595280591
126,wakkanai,45.41,141.67,19.33,87,100,2.46,JP,1595281290
127,bengkulu,-3.8,102.27,24.61,86,64,2.12,ID,1595280631
128,tuatapere,-46.13,167.68,3.89,83,82,1.34,NZ,1595280841
129,avarua,-21.21,-159.78,25.0,78,86,8.2,CK,1595280661
130,lae,-6.72,146.98,23.0,88,40,1.5,PG,1595281292
131,victoria,22.29,114.16,27.78,83,100,1.34,HK,1595280672
132,sinazongwe,-17.26,27.46,16.6,51,0,0.81,ZM,1595281292
133,marsh harbour,26.54,-77.06,28.58,76,87,6.95,BS,1595281292
134,khatanga,71.97,102.5,10.82,70,100,1.91,RU,1595280826
135,ribeira grande,38.52,-28.7,22.0,68,75,2.6,PT,1595280524
136,salinas,36.68,-121.66,21.67,60,1,6.2,US,1595281275
137,dikson,73.51,80.55,4.54,95,100,5.89,RU,1595280529
138,asau,46.43,26.4,14.44,95,0,2.0,RO,1595281293
139,finschhafen,-6.6,147.87,26.27,79,13,3.64,PG,1595281293
140,bemidji,47.47,-94.88,26.11,46,75,2.6,US,1595281259
141,port hedland,-20.32,118.57,18.0,48,0,4.6,AU,1595280975
142,kudahuvadhoo,2.67,72.89,28.68,77,98,8.79,MV,1595281293
143,georgetown,5.41,100.34,25.0,94,20,1.0,MY,1595280640
144,apartado,7.88,-76.63,28.31,85,92,1.07,CO,1595281165
145,pahrump,36.21,-115.98,41.11,11,10,2.24,US,1595281115
146,yar-sale,66.83,70.83,13.87,64,91,4.4,RU,1595280938
147,henties bay,-22.12,14.28,18.5,38,0,1.54,NA,1595280848
148,narsaq,60.92,-46.05,13.76,53,3,3.0,GL,1595280829
149,trojes,41.76,19.96,19.0,82,0,1.0,AL,1595281294
150,rafai,4.95,23.92,19.59,97,82,0.47,CF,1595281294
151,ponta do sol,32.67,-17.1,22.0,60,20,4.1,PT,1595280638
152,lasa,46.62,10.7,16.0,67,5,0.3,IT,1595280925
153,faanui,-16.48,-151.75,25.22,82,38,11.55,PF,1595280858
154,cockburn town,21.46,-71.14,31.0,66,40,7.2,TC,1595280919
155,yerbogachen,61.28,108.01,10.96,76,44,1.69,RU,1595280823
156,saint george,37.1,-113.58,39.44,12,1,3.1,US,1595280832
157,san cristobal,7.77,-72.22,32.0,43,40,6.7,VE,1595280845
158,santa cruz,-17.8,-63.17,30.0,58,40,6.2,BO,1595281164
159,saint-pierre,-21.34,55.48,19.0,63,75,4.1,RE,1595281295
160,salekhard,66.53,66.6,11.7,73,61,3.18,RU,1595281295
161,cam ranh,11.92,109.16,28.0,78,40,1.5,VN,1595281277
162,nuuk,64.18,-51.72,11.0,76,100,3.6,GL,1595280717
163,caluquembe,-13.78,14.68,9.68,49,0,1.22,AO,1595281296
164,longyearbyen,78.22,15.64,7.0,87,75,1.0,SJ,1595280805
165,chiesanuova,43.9,12.42,23.89,68,0,1.0,SM,1595281296
166,abu samrah,35.3,37.18,24.19,46,0,3.96,SY,1595281297
167,severo-yeniseyskiy,60.37,93.04,9.96,99,100,2.29,RU,1595281297
168,klaksvik,62.23,-6.59,9.0,100,48,5.7,FO,1595280653
169,nome,64.5,-165.41,11.11,93,90,4.6,US,1595280878
170,poum,-20.23,164.02,21.31,64,5,4.76,NC,1595280669
171,kantang,7.41,99.52,24.94,89,92,1.26,TH,1595281297
172,clyde river,70.47,-68.59,7.0,100,90,6.2,CA,1595280831
173,ngunguru,-35.62,174.5,12.78,3,79,1.34,NZ,1595280880
174,los llanos de aridane,28.66,-17.92,23.0,78,20,7.7,ES,1595280865
175,east london,-33.02,27.91,18.35,39,0,2.51,ZA,1595280592
176,oranjemund,-28.55,16.43,17.73,37,0,2.15,NA,1595280958
177,new norfolk,-42.78,147.06,9.44,89,88,0.45,AU,1595280570
178,nemuro,43.32,145.57,16.27,92,100,2.56,JP,1595280815
179,joshimath,30.57,79.57,17.96,60,98,0.24,IN,1595281298
180,port-gentil,-0.72,8.78,24.0,83,20,5.16,GA,1595280862
181,sabang,5.89,95.32,28.16,77,99,3.8,ID,1595280882
182,save,8.04,2.49,22.22,97,77,2.44,BJ,1595281299
183,road town,18.42,-64.62,30.0,70,40,4.6,VG,1595281251
184,bastia,42.67,9.33,22.78,83,0,1.5,FR,1595281299
185,saint anthony,45.02,-93.22,28.33,39,75,3.1,US,1595280869
186,pringsewu,-5.36,104.97,22.43,92,0,0.43,ID,1595281299
187,tuktoyaktuk,69.45,-133.04,6.0,81,90,5.7,CA,1595280596
188,komsomolskiy,40.43,71.72,24.0,38,27,3.1,UZ,1595280883
189,svetlaya,46.54,138.33,15.67,91,100,1.99,RU,1595281300
190,la ronge,55.1,-105.28,20.0,64,90,5.7,CA,1595280857
191,barcelos,41.54,-8.62,25.0,88,13,0.77,PT,1595281246
192,coquimbo,-29.95,-71.34,16.0,67,6,4.6,CL,1595280923
193,sept-iles,50.2,-66.38,25.0,61,75,8.7,CA,1595280687
194,sao raimundo das mangabeiras,-7.02,-45.48,27.31,39,34,2.42,BR,1595281300
195,moron,-34.65,-58.62,17.0,93,90,2.6,AR,1595280697
196,brae,60.4,-1.35,11.0,76,96,3.1,GB,1595280845
197,kruisfontein,-34.0,24.73,15.31,92,97,1.63,ZA,1595280675
198,saskylakh,71.92,114.08,12.75,56,65,2.42,RU,1595280634
199,rocha,-34.48,-54.33,21.0,76,100,4.27,UY,1595281301
200,purranque,-40.92,-73.17,11.0,93,100,1.5,CL,1595281256
201,butaritari,3.07,172.79,28.22,68,26,2.34,KI,1595280812
202,belmonte,-15.86,-38.88,23.0,83,75,4.1,BR,1595281302
203,praya,14.92,-23.51,26.0,78,75,4.1,CV,1595281302
204,malakal,9.53,31.66,22.21,91,28,0.67,SS,1595281302
205,zakupne,49.12,26.34,18.89,65,0,1.94,UA,1595281302
206,tiksi,71.69,128.87,7.11,95,100,5.87,RU,1595280838
207,malavalli,12.38,77.08,22.61,90,99,1.56,IN,1595281303
208,verkhnyaya inta,65.98,60.31,11.68,77,29,2.55,RU,1595281291
209,flin flon,54.77,-101.86,25.0,41,40,3.6,CA,1595280623
210,krasnoselkup,65.7,82.47,12.31,60,100,2.74,RU,1595280678
211,torrington,41.8,-73.12,32.78,50,58,2.68,US,1595281303
212,saldanha,-33.01,17.94,11.0,76,0,1.0,ZA,1595280647
213,kautokeino,69.01,23.04,14.44,89,100,3.86,NO,1595280839
214,beisfjord,68.38,17.6,12.0,87,100,2.1,NO,1595281304
215,nantucket,41.28,-70.1,22.78,94,90,4.1,US,1595280628
216,soltsy,58.12,30.32,15.5,85,31,1.11,RU,1595281304
217,mount isa,-20.73,139.5,15.0,28,30,3.6,AU,1595280872
218,quatre cocos,-20.21,57.76,21.0,60,75,5.1,MU,1595281304
219,palmerston,-12.49,130.98,19.44,88,53,1.0,AU,1595281304
220,hami,42.8,93.45,29.47,22,100,1.41,CN,1595280851
221,benguela,-12.58,13.41,20.25,83,0,2.48,AO,1595280957
222,hazro,33.91,72.49,25.56,78,20,5.1,PK,1595281305
223,gat,31.61,34.76,27.22,66,0,0.72,IL,1595280690
224,orlovka,44.69,44.17,26.73,38,25,5.52,RU,1595281305
225,airai,-8.93,125.41,12.34,84,53,1.15,TL,1595280654
226,tilichiki,60.47,166.1,13.21,77,60,1.1,RU,1595280939
227,mathbaria,22.29,89.96,27.9,85,100,4.74,BD,1595281305
228,tukrah,32.53,20.58,24.13,72,0,6.4,LY,1595281306
229,lulea,65.58,22.15,17.0,88,91,2.1,SE,1595281306
230,hadgaon,19.5,77.67,25.74,84,100,2.72,IN,1595281306
231,te anau,-45.42,167.72,5.97,89,88,1.5,NZ,1595280930
232,mumbwa,-14.98,27.06,10.5,71,1,2.22,ZM,1595281306
233,kaspiyskiy,45.39,47.37,27.8,63,49,4.33,RU,1595281307
234,tuytepa,41.03,69.36,26.0,41,20,3.1,UZ,1595281307
235,bathsheba,13.22,-59.52,30.0,62,40,7.7,BB,1595280544
236,port lincoln,-34.73,135.87,10.13,73,15,1.62,AU,1595280803
237,kununurra,-15.77,128.73,23.0,29,3,7.2,AU,1595280646
238,wexford,52.33,-6.46,14.44,87,73,1.5,IE,1595281308
239,syracuse,37.09,15.28,26.0,69,20,2.1,IT,1595281308
240,naberera,-4.2,36.93,13.93,90,25,4.88,TZ,1595281308
241,viedma,-40.81,-63.0,8.89,91,100,1.79,AR,1595280870
242,teguldet,57.31,88.17,13.46,98,2,2.14,RU,1595280833
243,orbetello,42.44,11.22,24.0,69,0,1.5,IT,1595281309
244,yangjiang,21.85,111.97,26.29,89,89,1.41,CN,1595281309
245,akyab,20.15,92.9,27.47,82,100,2.63,MM,1595281309
246,puerto rondon,6.28,-71.1,25.1,89,100,3.21,CO,1595281310
247,dwarka,22.24,68.97,28.97,80,72,8.71,IN,1595281310
248,warman,52.32,-106.57,22.0,64,75,2.1,CA,1595281310
249,lata,40.16,-8.33,25.0,60,14,0.45,PT,1595280853
250,vestmannaeyjar,63.44,-20.27,10.52,71,0,2.52,IS,1595280822
251,utuado,18.27,-66.7,30.0,83,23,0.45,PR,1595281310
252,pacific grove,36.62,-121.92,21.67,68,40,5.7,US,1595280852
253,berbera,10.44,45.01,32.8,43,41,11.16,SO,1595281311
254,vilyuysk,63.76,121.62,17.86,93,100,2.68,RU,1595280940
255,netarhat,23.48,84.27,20.52,100,100,2.57,IN,1595281311
256,nouakchott,18.09,-15.98,27.0,78,20,4.6,MR,1595281311
257,auki,-8.77,160.7,27.22,79,8,2.84,SB,1595280962
258,axim,4.87,-2.24,24.2,92,100,2.86,GH,1595280824
259,acarau,-2.89,-40.12,26.18,75,77,6.65,BR,1595280940
260,bluefields,12.01,-83.76,30.0,74,40,2.1,NI,1595281312
261,zheleznodorozhnyy,55.75,38.0,17.78,88,100,2.0,RU,1595280971
262,nanortalik,60.14,-45.24,9.84,64,3,0.46,GL,1595280866
263,masuguru,-11.37,38.42,21.42,67,81,1.49,TZ,1595281312
264,majene,-3.54,118.97,25.11,86,39,4.5,ID,1595281312
265,san juan,-31.54,-68.54,13.01,52,4,3.72,AR,1595281312
266,katsuura,35.13,140.3,24.44,92,100,0.45,JP,1595280880
267,taltal,-25.4,-70.48,16.03,67,100,0.69,CL,1595280638
268,takoradi,4.88,-1.76,24.19,91,100,3.12,GH,1595281313
269,avera,33.19,-82.53,34.0,46,40,3.1,US,1595280682
270,torbay,47.67,-52.73,23.33,69,75,7.7,CA,1595280867
271,dicabisagan,17.08,122.42,26.2,85,17,1.43,PH,1595281313
272,surt,31.21,16.59,24.94,76,0,5.07,LY,1595281313
273,ancud,-41.87,-73.82,10.0,81,86,3.1,CL,1595280643
274,kavaratti,10.57,72.64,27.96,80,100,9.63,IN,1595280714
275,grindavik,63.84,-22.43,10.0,71,75,2.1,IS,1595280899
276,richards bay,-28.78,32.04,15.47,81,0,3.86,ZA,1595280856
277,tashla,51.77,52.74,18.03,66,0,0.91,RU,1595281314
278,goderich,43.75,-81.72,21.67,73,24,3.81,CA,1595281314
279,nautla,20.22,-96.78,31.02,57,92,5.06,MX,1595281314
280,ballina,-28.87,153.57,10.0,87,83,3.1,AU,1595280822
281,lodja,-3.48,23.43,22.61,45,0,0.73,CD,1595281315
282,termoli,41.99,14.99,22.64,51,0,2.42,IT,1595281315
283,serenje,-13.23,30.24,10.22,84,0,3.96,ZM,1595281315
284,ostrovnoy,68.05,39.51,17.1,62,30,5.16,RU,1595280962
285,rantepao,-2.97,119.9,18.07,87,28,0.67,ID,1595281201
286,kloulklubed,7.04,134.26,28.9,64,20,2.2,PW,1595280702
287,cap malheureux,-19.98,57.61,20.0,63,57,2.24,MU,1595280866
288,hualmay,-11.1,-77.61,17.69,73,10,4.13,PE,1595281301
289,itoman,26.12,127.67,28.0,88,20,1.5,JP,1595280868
290,chapais,49.78,-74.85,16.0,67,90,7.2,CA,1595280879
291,palafrugell,41.92,3.16,23.89,50,0,4.49,ES,1595281105
292,samarai,-10.62,150.67,25.07,80,100,7.4,PG,1595280822
293,dukat,62.55,155.55,16.39,55,0,2.01,RU,1595280841
294,vao,-22.67,167.48,20.55,61,43,4.93,NC,1595280914
295,denpasar,-8.65,115.22,26.0,88,75,6.7,ID,1595281145
296,myatlevo,54.9,35.68,16.0,87,0,3.0,RU,1595281316
297,karratha,-20.74,116.85,18.41,53,0,5.32,AU,1595280643
298,cachoeira do sul,-30.04,-52.89,20.53,86,100,1.31,BR,1595281317
299,grand gaube,-20.01,57.66,20.56,62,67,3.13,MU,1595280697
300,tsaratanana,-16.78,47.65,16.44,68,0,6.29,MG,1595281317
301,constitucion,-35.33,-72.42,12.35,80,94,2.96,CL,1595280606
302,alofi,-19.06,-169.92,27.0,88,75,3.6,NU,1595280543
303,codrington,-38.27,141.97,10.02,80,99,2.61,AU,1595280844
304,tuma,55.15,40.55,16.11,77,78,0.45,RU,1595281317
305,araouane,18.9,-3.53,38.68,21,82,0.3,ML,1595281318
306,dourbali,11.81,15.86,25.84,62,86,2.8,TD,1595281318
307,sinegorye,62.08,150.48,19.88,53,3,1.54,RU,1595281318
308,tallahassee,30.44,-84.28,35.0,50,40,6.2,US,1595281318
309,bagdarin,54.43,113.6,9.3,68,82,3.18,RU,1595281318
310,cortes,41.94,-1.44,28.0,51,0,5.1,ES,1595281318
311,bisho,-32.85,27.44,11.81,39,0,1.35,ZA,1595281318
312,namibe,-15.2,12.15,19.1,65,7,1.51,AO,1595281319
313,juneau,58.3,-134.42,15.56,87,90,4.1,US,1595280660
314,egvekinot,66.32,-179.17,9.32,65,87,1.7,RU,1595281319
315,carauari,-4.88,-66.9,28.67,68,97,0.77,BR,1595280861
316,shimanovsk,52.0,127.7,15.03,70,6,3.47,RU,1595281319
317,nouadhibou,20.93,-17.03,26.0,69,0,1.5,MR,1595280751
318,envira,-7.3,-70.22,28.0,69,90,0.85,BR,1595281319
319,rawson,-43.3,-65.1,7.17,80,91,8.87,AR,1595280944
320,cervo,43.67,-7.41,18.33,84,86,0.89,ES,1595281320
321,bud,39.45,-86.18,27.78,65,88,1.74,US,1595281320
322,hamilton,39.18,-84.53,33.33,41,40,2.78,US,1595280904
323,amga,60.9,131.96,19.69,59,97,8.2,RU,1595281320
324,shahrud,36.42,54.98,23.65,28,0,2.98,IR,1595281320
325,batagay-alyta,67.8,130.41,19.56,77,100,0.5,RU,1595281320
326,pisco,-13.7,-76.22,17.22,82,75,3.6,PE,1595280574
327,beeville,28.4,-97.75,36.0,47,40,2.1,US,1595281321
328,hirara,24.8,125.28,29.24,80,4,4.64,JP,1595280966
329,noumea,-22.28,166.46,20.56,93,75,1.0,NC,1595281017
330,carnot,4.94,15.87,20.76,92,99,0.71,CF,1595281321
331,sitka,57.05,-135.33,14.0,93,90,4.1,US,1595280648
332,puksoozero,62.59,40.61,13.01,81,35,1.35,RU,1595281321
333,kaeo,-35.1,173.78,12.22,3,78,4.87,NZ,1595280616
334,port-cartier,50.03,-66.87,25.0,61,75,8.7,CA,1595281321
335,haines junction,60.75,-137.51,19.57,45,69,4.68,CA,1595280814
336,moose factory,51.26,-80.61,17.0,82,90,2.1,CA,1595281322
337,nioro,13.35,-15.75,26.24,86,100,3.53,GM,1595281322
338,delijan,33.99,50.68,26.89,16,0,2.11,IR,1595281322
339,vagay,57.94,69.02,11.87,82,2,2.79,RU,1595281322
340,chifeng,42.27,118.96,20.4,54,70,1.46,CN,1595280913
341,touros,-5.2,-35.46,23.0,100,75,4.1,BR,1595280871
342,northallerton,54.34,-1.43,13.0,71,32,2.6,GB,1595281322
343,ahipara,-35.17,173.17,15.73,86,69,5.15,NZ,1595280630
344,marawi,8.0,124.29,24.44,87,78,0.89,PH,1595280903
345,garowe,8.41,48.48,25.89,51,76,9.53,SO,1595281323
346,valreas,44.38,4.99,23.89,83,0,3.6,FR,1595281323
347,boyolangu,-8.12,111.89,24.01,89,98,3.39,ID,1595281323
348,kokopo,-4.35,152.26,27.08,76,43,3.42,PG,1595281323
349,tateyama,34.98,139.87,24.44,100,100,0.45,JP,1595281323
350,bitung,1.45,125.18,24.0,94,40,0.5,ID,1595281323
351,bouna,9.27,-3.0,23.71,87,90,2.6,CI,1595281323
352,santo domingo,18.5,-69.99,31.0,62,40,5.1,DO,1595281323
353,salisbury,51.07,-1.8,16.0,58,2,3.6,GB,1595281324
354,pevek,69.7,170.31,8.15,57,10,1.96,RU,1595280865
355,alacranes,22.77,-81.57,30.0,66,40,5.7,CU,1595281324
356,isangel,-19.55,169.27,17.0,82,20,1.5,VU,1595280819
357,luau,-10.71,22.22,14.85,45,0,2.11,AO,1595281325
358,bardiyah,31.76,25.09,22.76,85,0,5.46,LY,1595281325
359,sinnamary,5.38,-52.95,26.31,83,100,3.97,GF,1595280898
360,cidreira,-30.18,-50.21,19.68,76,72,2.93,BR,1595280828
361,ust-shonosha,61.15,41.34,16.06,73,84,2.89,RU,1595281326
362,talavera de la reina,39.96,-4.83,26.88,21,0,1.31,ES,1595281326
363,fort morgan,40.25,-103.8,32.0,25,1,4.6,US,1595281326
364,gilgit,35.92,74.31,20.59,48,100,1.93,PK,1595281326
365,methven,-43.63,171.65,11.11,26,74,2.24,NZ,1595281327
366,khargone,21.82,75.6,26.75,78,100,5.36,IN,1595281327
367,darovskoy,58.77,47.96,17.38,95,100,3.47,RU,1595281327
368,amuntai,-2.42,115.25,22.39,97,0,0.51,ID,1595281327
369,loukhi,66.08,33.04,14.88,65,8,2.51,RU,1595281327
370,champaign,40.13,-88.2,29.44,62,20,3.1,US,1595281328
371,akdepe,42.06,59.38,29.0,37,0,5.1,TM,1595280918
372,dingle,11.0,122.67,24.95,87,52,1.69,PH,1595280909
373,byron bay,-28.65,153.62,10.0,87,82,3.1,AU,1595280919
374,russell,32.35,-85.2,36.0,44,40,4.1,US,1595280668
375,laguna,38.42,-121.42,30.0,39,1,4.1,US,1595280692
376,sucua,-2.47,-78.17,22.0,64,40,1.5,EC,1595281328
377,athens,37.98,23.72,27.78,69,20,1.31,GR,1595281196
378,ilulissat,69.22,-51.1,12.0,46,81,1.5,GL,1595280657
379,zaozerne,45.16,33.28,22.54,78,51,2.83,UA,1595281329
380,pascagoula,30.37,-88.56,33.0,66,1,4.6,US,1595281329
381,sola,-13.88,167.55,26.0,78,75,5.45,VU,1595280956
382,mattoon,39.48,-88.37,28.89,58,1,3.1,US,1595281105
383,isabela,6.71,121.97,25.0,94,40,0.5,PH,1595281329
384,gemena,3.25,19.77,20.06,95,68,0.96,CD,1595280836
385,sisimiut,66.94,-53.67,9.94,79,100,1.12,GL,1595281329
386,conceicao do araguaia,-8.26,-49.26,31.0,38,16,1.5,BR,1595281329
387,sistranda,63.73,8.83,12.0,71,75,6.7,NO,1595280880
388,champerico,14.3,-91.92,31.0,66,40,4.1,GT,1595281224
389,port macquarie,-31.43,152.92,5.56,84,15,4.34,AU,1595280830
390,gardelegen,52.53,11.4,16.11,85,39,2.45,DE,1595281330
391,sorong,-0.88,131.25,25.32,86,97,2.96,ID,1595280740
392,ahuimanu,21.44,-157.84,31.0,58,20,4.6,US,1595280854
393,listvyanskiy,54.44,83.5,14.88,97,34,2.86,RU,1595281330
394,sioux lookout,50.1,-91.92,22.0,46,75,3.1,CA,1595280919
395,hobyo,5.35,48.53,25.27,73,60,11.05,SO,1595280953
396,north platte,41.12,-100.77,27.22,68,79,6.26,US,1595280630
397,ostersund,63.18,14.64,9.0,100,100,6.2,SE,1595280705
398,pangnirtung,66.15,-65.71,8.0,93,75,6.2,CA,1595280879
399,chimoio,-19.12,33.48,12.48,100,50,1.36,MZ,1595281331
400,verkhnevilyuysk,63.45,120.32,16.83,95,100,2.52,RU,1595280705
401,coffs harbour,-30.3,153.13,6.67,93,99,4.79,AU,1595281331
402,khash,28.22,61.22,24.19,19,3,6.12,IR,1595281332
403,ler,8.3,30.14,21.8,91,90,1.51,SS,1595280877
404,zhengjiatun,43.51,123.51,20.26,62,0,2.72,CN,1595281332
405,areia branca,-4.96,-37.14,26.52,72,72,9.21,BR,1595281332
406,shangrao,28.45,117.97,24.74,91,100,0.72,CN,1595281332
407,hovd,48.01,91.64,19.49,54,80,0.66,MN,1595281332
408,katangli,51.71,143.23,12.04,92,100,6.52,RU,1595281333
409,rio grande,-32.03,-52.1,27.0,54,94,1.5,BR,1595280792
410,bugojno,44.06,17.45,14.95,79,0,0.36,BA,1595281333
411,challapata,-18.9,-66.77,10.74,38,65,0.4,BO,1595281333
412,san jose,37.34,-121.89,26.67,50,75,4.6,US,1595281079
413,am timan,11.03,20.28,22.19,89,97,1.68,TD,1595281333
414,brownsville,25.9,-97.5,34.0,49,1,6.7,US,1595281069
415,glenluce,54.88,-4.81,12.22,81,86,4.68,GB,1595281334
416,inongo,-1.95,18.27,21.53,52,13,0.94,CD,1595280864
417,srednekolymsk,67.45,153.68,24.63,39,65,7.23,RU,1595280850
418,carndonagh,55.25,-7.27,8.73,88,59,1.64,IE,1595281334
419,naze,28.37,129.48,26.0,100,40,1.5,JP,1595280823
420,zhezkazgan,47.8,67.71,24.44,31,1,3.35,KZ,1595280725
421,upata,8.01,-62.4,27.78,78,84,1.34,VE,1595281334
422,kahului,20.89,-156.47,32.0,46,40,10.3,US,1595280807
423,raudeberg,61.99,5.14,12.0,81,75,7.7,NO,1595280846
424,bahir dar,11.59,37.39,16.6,91,99,2.89,ET,1595281335
425,broken hill,-31.95,141.43,7.0,75,98,4.1,AU,1595280875
426,jeremie,18.65,-74.12,29.03,71,84,3.15,HT,1595281335
427,inyonga,-6.72,32.07,16.86,57,12,2.15,TZ,1595281335
428,ajaccio,42.0,8.92,22.0,73,0,3.1,FR,1595281335
429,cairns,-16.92,145.77,19.44,93,90,4.1,AU,1595281335
430,necochea,-38.55,-58.74,10.56,93,100,6.71,AR,1595280969
431,wasilla,61.58,-149.44,15.0,87,90,0.56,US,1595281195
432,jiangyou,31.77,104.72,20.44,89,100,2.13,CN,1595281336
433,artigas,-30.4,-56.47,20.79,82,100,3.55,UY,1595281336
434,mackay,-21.15,149.2,11.11,93,100,2.6,AU,1595280600
435,lakhdenpokhya,61.52,30.2,17.78,77,100,1.12,RU,1595281336
436,serta,39.81,-8.1,31.11,43,27,1.34,PT,1595281336
437,leshukonskoye,64.9,45.76,14.46,81,0,2.03,RU,1595280854
438,terra santa,-2.1,-56.49,28.55,60,64,1.59,BR,1595281337
439,marieville,45.43,-73.17,28.89,50,42,6.26,CA,1595281337
440,kathu,7.92,98.33,28.89,100,20,1.5,TH,1595281337
441,rockland,41.17,-74.05,34.44,62,77,4.05,US,1595281337
442,geraldton,-28.77,114.6,9.0,81,0,6.7,AU,1595280651
443,ponta delgada,37.73,-25.67,20.0,68,20,3.6,PT,1595280709
444,tuy hoa,13.08,109.3,24.74,85,89,2.04,VN,1595281337
445,rafael delgado,18.8,-97.07,22.68,76,98,2.19,MX,1595281338
446,tigre,-34.43,-58.58,17.0,87,100,3.1,AR,1595281338
447,vardo,70.37,31.11,12.0,93,99,5.1,NO,1595280873
448,beruwala,6.48,79.98,25.6,88,100,0.14,LK,1595281338
449,sokoto,13.06,5.24,29.46,57,50,4.83,NG,1595281338
450,khorramshahr,30.44,48.17,37.0,20,0,7.2,IR,1595281338
451,teya,60.38,92.63,11.91,91,100,2.42,RU,1595280829
452,dusti,37.35,68.66,25.0,38,75,2.0,TJ,1595281338
453,garissa,-0.45,39.64,22.49,69,96,7.11,KE,1595281339
454,esperance,-33.87,121.9,10.0,81,90,3.1,AU,1595280695
455,paulo afonso,-9.41,-38.21,21.71,73,49,4.39,BR,1595281339
456,plainview,40.78,-73.47,35.0,49,40,7.2,US,1595281339
457,bafq,31.61,55.41,25.9,17,0,3.08,IR,1595280843
458,kailua,21.4,-157.74,31.0,58,20,4.6,US,1595281322
459,lumeje,-11.55,20.78,12.93,53,0,1.58,AO,1595281339
460,khani,41.96,42.96,26.0,83,97,1.0,GE,1595281339
461,reynosa,26.08,-98.28,37.22,34,40,2.6,MX,1595281339
462,menongue,-14.66,17.69,9.36,55,14,1.56,AO,1595280811
463,manjacaze,-24.71,33.88,13.5,92,0,1.85,MZ,1595281340
464,muros,42.78,-9.06,18.89,79,2,3.13,ES,1595281340
465,vostok,46.49,135.88,15.19,100,100,0.84,RU,1595280869
466,alyangula,-13.85,136.42,21.0,77,79,1.0,AU,1595280826
467,sao joao da barra,-21.64,-41.05,24.0,73,0,5.1,BR,1595280845
468,constantine,36.37,6.61,25.0,53,20,3.1,DZ,1595281278
469,urumqi,43.8,87.6,25.0,47,100,3.0,CN,1595280856
470,itarema,-2.92,-39.92,26.07,76,87,6.92,BR,1595280956
471,outjo,-20.12,16.15,11.42,43,0,3.96,NA,1595281341
472,gao,16.64,1.64,31.38,36,49,5.43,ML,1595280835
473,dhrangadhra,22.98,71.47,28.35,75,97,6.53,IN,1595281341
474,porto velho,-8.76,-63.9,34.0,32,20,3.1,BR,1595281342
475,marchin,50.47,5.24,15.0,67,21,3.6,BE,1595281342
476,flinders,-34.58,150.86,8.33,70,0,1.34,AU,1595280850
477,lucapa,-8.42,20.74,17.27,30,0,1.39,AO,1595280877
478,lookan,5.04,120.1,28.53,72,98,2.79,PH,1595281342
479,angoche,-16.23,39.91,20.79,83,11,3.8,MZ,1595281342
480,izmit,40.77,29.92,18.0,100,20,0.81,TR,1595281249
481,caravelas,-17.71,-39.25,21.71,87,23,2.91,BR,1595280812
482,arman,59.7,150.17,17.26,60,0,1.02,RU,1595280937
483,morros,-9.45,-46.3,24.66,39,4,2.36,BR,1595281343
484,barra patuca,15.8,-84.28,29.33,70,80,3.66,HN,1595280866
485,maputo,-25.97,32.59,17.78,87,0,2.1,MZ,1595281100
486,roma,43.21,-75.46,29.0,45,75,7.2,US,1595280816
487,alikovo,55.74,46.75,16.0,93,20,4.0,RU,1595281343
488,shimoda,34.67,138.95,21.67,96,100,2.98,JP,1595280884
489,pampas,-12.4,-74.9,15.51,33,0,3.32,PE,1595281343
490,ustye,59.63,39.74,15.4,91,100,2.22,RU,1595281343
491,camacha,33.08,-16.33,21.0,73,20,9.3,PT,1595280533
492,oparino,59.85,48.28,15.53,94,94,3.2,RU,1595281344
493,sheltozero,61.37,35.37,18.17,63,100,1.0,RU,1595281344
494,miri,4.41,114.01,25.0,100,40,2.6,MY,1595281344
495,aksu,41.12,80.26,21.54,52,75,0.94,CN,1595280906
496,chilca,-12.52,-76.74,18.0,68,40,3.6,PE,1595281344
497,south venice,27.05,-82.42,29.44,83,90,8.7,US,1595281344
498,cabo san lucas,22.89,-109.91,35.56,38,20,7.7,MX,1595280666
499,tulu bolo,8.67,38.22,14.38,88,89,3.28,ET,1595281344
500,anage,-14.61,-41.14,22.48,66,15,3.32,BR,1595281345
501,joura,26.34,77.81,29.9,68,100,3.79,IN,1595281345
502,ulladulla,-35.35,150.47,7.0,75,1,4.6,AU,1595280920
503,kayes,14.0,-11.0,23.0,100,20,3.1,ML,1595281345
504,estelle,29.85,-90.11,31.11,74,90,5.1,US,1595281299
505,lompoc,34.64,-120.46,21.0,64,1,5.1,US,1595280808
506,vila velha,-20.33,-40.29,24.44,83,75,2.1,BR,1595280703
507,saint-louis,16.33,-15.0,31.2,49,69,6.08,SN,1595281345
508,lamesa,32.74,-101.95,33.89,26,75,5.7,US,1595281296
509,cesky dub,50.66,15.0,16.67,81,23,2.11,CZ,1595281346
510,luba,3.46,8.55,25.08,81,100,4.16,GQ,1595281346
511,mariana,-20.38,-43.42,16.22,79,2,0.87,BR,1595281346
512,nyrob,60.73,56.72,10.22,87,0,2.24,RU,1595281346
513,motala,58.54,15.04,14.0,81,0,3.6,SE,1595281346
514,hailar,49.2,119.7,13.68,62,1,6.02,CN,1595281346
515,ejea de los caballeros,42.13,-1.14,28.0,51,0,5.1,ES,1595281346
516,abrau-dyurso,44.69,37.59,23.0,83,75,3.0,RU,1595281347
517,caxito,-8.58,13.66,21.0,94,20,2.6,AO,1595281347
518,rypefjord,70.63,23.67,11.0,100,75,4.6,NO,1595281347
519,turayf,31.67,38.66,34.0,23,0,7.2,SA,1595280554
520,palamuse,58.68,26.58,17.22,88,95,0.5,EE,1595281347
521,mayo,38.89,-76.51,36.0,47,1,3.1,US,1595280971
522,morgantown,39.63,-79.96,33.0,36,40,3.6,US,1595281336
523,petropavlovsk-kamchatskiy,53.05,158.65,13.0,100,75,1.0,RU,1595280584
524,kyren,51.68,102.14,12.25,74,29,0.92,RU,1595281348
525,caucaia,-3.74,-38.65,25.0,88,75,7.2,BR,1595280968
526,deputatskiy,69.3,139.9,20.06,60,0,1.79,RU,1595280857
527,makakilo city,21.35,-158.09,31.0,43,40,4.1,US,1595280949
528,glendive,47.11,-104.71,22.78,64,90,4.1,US,1595280785
529,rabo de peixe,37.8,-25.58,20.0,68,20,3.6,PT,1595281348
530,igarka,67.47,86.58,9.78,78,98,3.15,RU,1595281349
531,gonc,48.47,21.28,19.44,88,39,1.0,HU,1595281349
532,lorengau,-2.02,147.27,28.54,69,28,3.01,PG,1595280953
533,buchanan,5.88,-10.05,25.0,94,75,4.41,LR,1595280900
534,lambarene,-0.7,10.24,23.19,79,98,2.66,GA,1595281349
535,bandarbeyla,9.49,50.81,25.03,75,100,12.51,SO,1595280854
536,kaabong,3.48,34.15,17.43,76,79,2.69,UG,1595280878
537,veraval,20.9,70.37,28.52,79,76,5.94,IN,1595281349
538,marsa matruh,31.35,27.25,25.0,78,0,2.1,EG,1595281350
539,banda aceh,5.56,95.32,26.39,79,90,0.62,ID,1595281350
540,vung tau,10.35,107.08,27.65,75,100,0.74,VN,1595281350
541,beloha,-25.17,45.05,16.39,74,0,5.75,MG,1595280843
542,billings,45.78,-108.5,26.11,34,40,5.7,US,1595281236
543,puerto baquerizo moreno,-0.9,-89.6,23.0,73,90,6.7,EC,1595281217
544,gazli,40.13,63.45,29.92,17,0,4.46,UZ,1595281350
545,itacarambi,-15.1,-44.09,22.28,55,35,1.98,BR,1595281350
